BARCODE,CELL_NAME_TYPE_ID
003016107020,CELL0080
003016107021,CELL0080
003016107028,CELL0080
003016107029,CELL0080
003016107022,CELL0080
003016107023,CELL0080
003016107030,CELL0080
003016108001,CELL0080
003016107024,CELL0080
003016107025,CELL0080
003016108002,CELL0080
003016108003,CELL0080
003016107026,CELL0080
003016107027,CELL0080
003016108004,CELL0080
003016108005,CELL0080
003016110022,CELL0080
003016110023,CELL0080
003016111002,CELL0080
003016111003,CELL0080
003016110026,CELL0080
003016110027,CELL0080
003016111006,CELL0080
003016111007,CELL0080
003016110028,CELL0080
003016110029,CELL0080
003016111008,CELL0080
003016111009,CELL0080
003016110030,CELL0080
003016111001,CELL0080
003016111010,CELL0080
003016111011,CELL0080
003016093020,CELL0080
003016094005,CELL0080
003016093027,CELL0080
003016093028,CELL0080
003016093021,CELL0080
003016093022,CELL0080
003016093029,CELL0080
003016093030,CELL0080
003016093023,CELL0080
003016093024,CELL0080
003016094001,CELL0080
003016094002,CELL0080
003016093025,CELL0080
003016093026,CELL0080
003016094004,CELL0080
003016111028,CELL0080
003016111029,CELL0080
003016112008,CELL0080
003016112009,CELL0080
003016112002,CELL0080
003016112003,CELL0080
003016112012,CELL0080
003016112013,CELL0080
003016112004,CELL0080
003016112005,CELL0080
003016112014,CELL0080
003016112015,CELL0080
003016112006,CELL0080
003016112007,CELL0080
003016112016,CELL0080
003016112017,CELL0080
003016113004,CELL0080
003016113005,CELL0080
003016113012,CELL0080
003016113013,CELL0080
003016113006,CELL0080
003016113007,CELL0080
003016113014,CELL0080
003016113015,CELL0080
003016113008,CELL0080
003016113009,CELL0080
003016113016,CELL0080
003016113017,CELL0080
003016113010,CELL0080
003016113011,CELL0080
003016113018,CELL0080
003016113019,CELL0080
003016094006,CELL0080
003016094007,CELL0080
003016094014,CELL0080
003016094015,CELL0080
003016094008,CELL0080
003016094009,CELL0080
003016094016,CELL0080
003016094017,CELL0080
003016094010,CELL0080
003016094011,CELL0080
003016094018,CELL0080
003016094019,CELL0080
003016094012,CELL0080
003016094013,CELL0080
003016094020,CELL0080
003016094021,CELL0080
003016023025,CELL0030
003016023026,CELL0030
003016024003,CELL0030
003016024004,CELL0030
003016024011,CELL0030
003016024012,CELL0030
003016023027,CELL0030
003016023028,CELL0030
003016024005,CELL0030
003016024006,CELL0030
003016024013,CELL0030
003016024014,CELL0030
003016023029,CELL0030
003016023030,CELL0030
003016024007,CELL0030
003016024008,CELL0030
003016024015,CELL0030
003016024016,CELL0030
003016024001,CELL0030
003016048017,CELL0030
003016024009,CELL0030
003016024010,CELL0030
003016024017,CELL0030
003016024018,CELL0030
003016079016,CELL0050
003016078008,CELL0050
003016078013,CELL0050
003016078014,CELL0050
003016078009,CELL0050
003016078010,CELL0050
003016079018,CELL0050
003016078016,CELL0050
003016078011,CELL0050
003016079017,CELL0050
003016078017,CELL0050
003016078018,CELL0050
003016112018,CELL0080
003016112019,CELL0080
003016112026,CELL0080
003016112027,CELL0080
003016112020,CELL0080
003016112021,CELL0080
003016112028,CELL0080
003016112029,CELL0080
003016112022,CELL0080
003016112023,CELL0080
003016112030,CELL0080
003016113001,CELL0080
003016112024,CELL0080
003016112025,CELL0080
003016113002,CELL0080
003016113003,CELL0080
003016082026,CELL0050
003016082027,CELL0050
003016083002,CELL0050
003016083003,CELL0050
003016082028,CELL0050
003016082029,CELL0050
003016083004,CELL0050
003016083005,CELL0050
003016082030,CELL0050
003016083001,CELL0050
003016083006,CELL0050
003016083007,CELL0050
003016016001,CELL0030
003016016002,CELL0030
003016016009,CELL0030
003016016010,CELL0030
003016016017,CELL0030
003016016018,CELL0030
003016016003,CELL0030
003016016004,CELL0030
003016016011,CELL0030
003016016012,CELL0030
003016016019,CELL0030
003016016020,CELL0030
003016016005,CELL0030
003016016006,CELL0030
003016016013,CELL0030
003016016014,CELL0030
003016016021,CELL0030
003016016022,CELL0030
003016016007,CELL0030
003016016008,CELL0030
003016016015,CELL0030
003016016016,CELL0030
003016016023,CELL0030
003016016024,CELL0030
003016074030,CELL0050
003016075001,CELL0050
003016075006,CELL0050
003016075007,CELL0050
003016075002,CELL0050
003016075003,CELL0050
003016075008,CELL0050
003016075009,CELL0050
003016075004,CELL0050
003016075005,CELL0050
003016075010,CELL0050
003016075011,CELL0050
003016046021,CELL0030
003016046022,CELL0030
003016046029,CELL0030
003016046030,CELL0030
003016047007,CELL0030
003016047008,CELL0030
003016046023,CELL0030
003016046024,CELL0030
003016047001,CELL0030
003016047002,CELL0030
003016047009,CELL0030
003016047010,CELL0030
003016046025,CELL0030
003016046026,CELL0030
003016047003,CELL0030
003016047004,CELL0030
003016047011,CELL0030
003016047012,CELL0030
003016046027,CELL0030
003016046028,CELL0030
003016047005,CELL0030
003016047006,CELL0030
003016047013,CELL0030
003016047014,CELL0030
003016111012,CELL0080
003016111013,CELL0080
003016111020,CELL0080
003016111021,CELL0080
003016111014,CELL0080
003016111015,CELL0080
003016111022,CELL0080
003016111023,CELL0080
003016111016,CELL0080
003016111017,CELL0080
003016111024,CELL0080
003016111025,CELL0080
003016111018,CELL0080
003016111019,CELL0080
003016111026,CELL0080
003016111027,CELL0080
003016087025,CELL0060
003016087026,CELL0060
003016088001,CELL0060
003016088002,CELL0060
003016087027,CELL0060
003016087028,CELL0060
003016088003,CELL0060
003016088004,CELL0060
003016087029,CELL0060
003016087030,CELL0060
003016088005,CELL0060
003016088006,CELL0060
003016028022,CELL0030
003016028023,CELL0030
003016028030,CELL0030
003016029001,CELL0030
003016029008,CELL0030
003016029009,CELL0030
003016028024,CELL0030
003016028025,CELL0030
003016029002,CELL0030
003016029003,CELL0030
003016029010,CELL0030
003016029011,CELL0030
003016028026,CELL0030
003016028027,CELL0030
003016029004,CELL0030
003016029005,CELL0030
003016029012,CELL0030
003016029013,CELL0030
003016028028,CELL0030
003016028029,CELL0030
003016029006,CELL0030
003016029007,CELL0030
003016029014,CELL0030
003016029015,CELL0030
003016036024,CELL0030
003016036025,CELL0030
003016037002,CELL0030
003016037003,CELL0030
003016037010,CELL0030
003016037011,CELL0030
003016036026,CELL0030
003016036027,CELL0030
003016037004,CELL0030
003016037005,CELL0030
003016037012,CELL0030
003016037013,CELL0030
003016036028,CELL0030
003016036029,CELL0030
003016037006,CELL0030
003016037007,CELL0030
003016037014,CELL0030
003016037015,CELL0030
003016036030,CELL0030
003016037001,CELL0030
003016037008,CELL0030
003016037009,CELL0030
003016037016,CELL0030
003016037017,CELL0030
003016092020,CELL0080
003016092021,CELL0080
003016092022,CELL0080
003016092023,CELL0080
003016092024,CELL0080
003016092025,CELL0080
003016027024,CELL0030
003016027025,CELL0030
003016028006,CELL0030
003016028007,CELL0030
003016028014,CELL0030
003016028015,CELL0030
003016027026,CELL0030
003016028001,CELL0030
003016028008,CELL0030
003016028009,CELL0030
003016028016,CELL0030
003016028017,CELL0030
003016028002,CELL0030
003016028003,CELL0030
003016028010,CELL0030
003016028011,CELL0030
003016028018,CELL0030
003016028019,CELL0030
003016028004,CELL0030
003016028005,CELL0030
003016028012,CELL0030
003016028013,CELL0030
003016028020,CELL0030
003016028021,CELL0030
003016065020,CELL0040
003016065021,CELL0040
003016065026,CELL0040
003016065027,CELL0040
003016065022,CELL0040
003016065023,CELL0040
003016065028,CELL0040
003016065029,CELL0040
003016065024,CELL0040
003016065025,CELL0040
003016065030,CELL0040
003016066001,CELL0040
003016107004,CELL0080
003016107005,CELL0080
003016107012,CELL0080
003016107013,CELL0080
003016107006,CELL0080
003016107007,CELL0080
003016107014,CELL0080
003016107015,CELL0080
003016107008,CELL0080
003016107009,CELL0080
003016107016,CELL0080
003016107017,CELL0080
003016107010,CELL0080
003016107011,CELL0080
003016107018,CELL0080
003016107019,CELL0080
003016024019,CELL0030
003016024020,CELL0030
003016024027,CELL0030
003016024028,CELL0030
003016025005,CELL0030
003016025006,CELL0030
003016024021,CELL0030
003016024022,CELL0030
003016024029,CELL0030
003016024030,CELL0030
003016025007,CELL0030
003016025008,CELL0030
003016024023,CELL0030
003016024024,CELL0030
003016025001,CELL0030
003016025002,CELL0030
003016025009,CELL0030
003016025010,CELL0030
003016024025,CELL0030
003016024026,CELL0030
003016025003,CELL0030
003016025004,CELL0030
003016025011,CELL0030
003016025012,CELL0030
003016044009,CELL0030
003016044010,CELL0030
003016044017,CELL0030
003016044018,CELL0030
003016044025,CELL0030
003016044026,CELL0030
003016044011,CELL0030
003016044012,CELL0030
003016044019,CELL0030
003016044020,CELL0030
003016044027,CELL0030
003016044028,CELL0030
003016044013,CELL0030
003016044014,CELL0030
003016044021,CELL0030
003016044022,CELL0030
003016044029,CELL0030
003016044030,CELL0030
003016044015,CELL0030
003016044016,CELL0030
003016044023,CELL0030
003016044024,CELL0030
003016045001,CELL0030
003016045002,CELL0030
003016102026,CELL0080
003016102027,CELL0080
003016103004,CELL0080
003016103005,CELL0080
003016102028,CELL0080
003016102029,CELL0080
003016103006,CELL0080
003016103007,CELL0080
003016102030,CELL0080
003016103001,CELL0080
003016103008,CELL0080
003016103009,CELL0080
003016103002,CELL0080
003016103003,CELL0080
003016103010,CELL0080
003016103011,CELL0080
003016029016,CELL0030
003016029017,CELL0030
003016029024,CELL0030
003016029025,CELL0030
003016030002,CELL0030
003016030003,CELL0030
003016029018,CELL0030
003016029019,CELL0030
003016029026,CELL0030
003016029027,CELL0030
003016030004,CELL0030
003016030005,CELL0030
003016029020,CELL0030
003016029021,CELL0030
003016029028,CELL0030
003016029029,CELL0030
003016030006,CELL0030
003016030007,CELL0030
003016029022,CELL0030
003016029023,CELL0030
003016029030,CELL0030
003016030001,CELL0030
003016030008,CELL0030
003016030009,CELL0030
003016080003,CELL0050
003016080004,CELL0050
003016080009,CELL0050
003016080010,CELL0050
003016080005,CELL0050
003016080006,CELL0050
003016080011,CELL0050
003016080012,CELL0050
003016080007,CELL0050
003016080008,CELL0050
003016080013,CELL0050
003016080014,CELL0050
003016034012,CELL0030
003016034013,CELL0030
003016034020,CELL0030
003016034021,CELL0030
003016034028,CELL0030
003016034029,CELL0030
003016034014,CELL0030
003016034015,CELL0030
003016034022,CELL0030
003016034023,CELL0030
003016034030,CELL0030
003016035001,CELL0030
003016034016,CELL0030
003016034017,CELL0030
003016034024,CELL0030
003016034025,CELL0030
003016035002,CELL0030
003016035003,CELL0030
003016034018,CELL0030
003016034019,CELL0030
003016034026,CELL0030
003016034027,CELL0030
003016035004,CELL0030
003016035005,CELL0030
003016100009,CELL0080
003016100010,CELL0080
003016100016,CELL0080
003016100017,CELL0080
003016100011,CELL0080
003016102018,CELL0080
003016100018,CELL0080
003016100019,CELL0080
003016100012,CELL0080
003016100013,CELL0080
003016100020,CELL0080
003016100021,CELL0080
003016100014,CELL0080
003016100015,CELL0080
003016100022,CELL0080
003016082014,CELL0050
003016082015,CELL0050
003016082020,CELL0050
003016082021,CELL0050
003016082016,CELL0050
003016082017,CELL0050
003016082022,CELL0050
003016082023,CELL0050
003016082018,CELL0050
003016082019,CELL0050
003016082024,CELL0050
003016082025,CELL0050
003016093008,CELL0080
003016093009,CELL0080
003016093010,CELL0080
003016093011,CELL0080
003016093012,CELL0080
003016093013,CELL0080
003016103028,CELL0080
003016103029,CELL0080
003016104006,CELL0080
003016104007,CELL0080
003016103030,CELL0080
003016104001,CELL0080
003016104008,CELL0080
003016104009,CELL0080
003016104002,CELL0080
003016104003,CELL0080
003016104010,CELL0080
003016104011,CELL0080
003016104004,CELL0080
003016104005,CELL0080
003016104012,CELL0080
003016104013,CELL0080
003016106018,CELL0080
003016106019,CELL0080
003016106026,CELL0080
003016106027,CELL0080
003016106020,CELL0080
003016106021,CELL0080
003016106028,CELL0080
003016106029,CELL0080
003016106022,CELL0080
003016106023,CELL0080
003016106030,CELL0080
003016107001,CELL0080
003016106024,CELL0080
003016106025,CELL0080
003016107002,CELL0080
003016107003,CELL0080
003016071021,CELL0040
003016071022,CELL0040
003016071027,CELL0040
003016071028,CELL0040
003016074005,CELL0040
003016071024,CELL0040
003016071029,CELL0040
003016071030,CELL0040
003016071025,CELL0040
003016071026,CELL0040
003016072001,CELL0040
003016072002,CELL0040
003016071008,CELL0040
003016071009,CELL0040
003016071014,CELL0040
003016071015,CELL0040
003016071010,CELL0040
003016071011,CELL0040
003016071016,CELL0040
003016071017,CELL0040
003016071012,CELL0040
003016071013,CELL0040
003016071018,CELL0040
003016071019,CELL0040
003016021013,CELL0030
003016021014,CELL0030
003016021021,CELL0030
003016021022,CELL0030
003016021029,CELL0030
003016021030,CELL0030
003016021015,CELL0030
003016021016,CELL0030
003016021023,CELL0030
003016021024,CELL0030
003016022001,CELL0030
003016022002,CELL0030
003016021017,CELL0030
003016021018,CELL0030
003016021025,CELL0030
003016021026,CELL0030
003016022003,CELL0030
003016022004,CELL0030
003016021019,CELL0030
003016021020,CELL0030
003016021027,CELL0030
003016021028,CELL0030
003016022005,CELL0030
003016022006,CELL0030
003016018004,CELL0030
003016018005,CELL0030
003016018012,CELL0030
003016018013,CELL0030
003016018020,CELL0030
003016018021,CELL0030
003016018006,CELL0030
003016018007,CELL0030
003016018014,CELL0030
003016018015,CELL0030
003016018022,CELL0030
003016018023,CELL0030
003016018008,CELL0030
003016018009,CELL0030
003016018016,CELL0030
003016018017,CELL0030
003016018024,CELL0030
003016018025,CELL0030
003016018010,CELL0030
003016018011,CELL0030
003016018018,CELL0030
003016018019,CELL0030
003016018026,CELL0030
003016018027,CELL0030
003016064014,CELL0040
003016064015,CELL0040
003016064020,CELL0040
003016064021,CELL0040
003016064016,CELL0040
003016064017,CELL0040
003016064022,CELL0040
003016064023,CELL0040
003016064018,CELL0040
003016064019,CELL0040
003016064024,CELL0040
003016064025,CELL0040
003016079021,CELL0050
003016079022,CELL0050
003016079027,CELL0050
003016079028,CELL0050
003016079023,CELL0050
003016079024,CELL0050
003016079029,CELL0050
003016079030,CELL0050
003016084014,CELL0050
003016079026,CELL0050
003016080001,CELL0050
003016080002,CELL0050
003016059020,CELL0020
003016059021,CELL0020
003016059026,CELL0020
003016059027,CELL0020
003016059022,CELL0020
003016059023,CELL0020
003016059028,CELL0020
003016059029,CELL0020
003016059024,CELL0020
003016059025,CELL0020
003016059030,CELL0020
003016060013,CELL0020
003016077013,CELL0040
003016077014,CELL0040
003016077019,CELL0040
003016077020,CELL0040
003016077015,CELL0040
003016077016,CELL0040
003016077021,CELL0040
003016077022,CELL0040
003016077017,CELL0040
003016077018,CELL0040
003016077023,CELL0040
003016077024,CELL0040
003016014028,CELL0030
003016014029,CELL0030
003016015006,CELL0030
003016015007,CELL0030
003016015014,CELL0030
003016015015,CELL0030
003016014030,CELL0030
003016015001,CELL0030
003016051026,CELL0030
003016048014,CELL0030
003016020019,CELL0030
003016015017,CELL0030
003016015002,CELL0030
003016015003,CELL0030
003016015010,CELL0030
003016015011,CELL0030
003016015018,CELL0030
003016015019,CELL0030
003016048013,CELL0030
003016015005,CELL0030
003016015012,CELL0030
003016015013,CELL0030
003016015020,CELL0030
003016015021,CELL0030
003016068002,CELL0040
003016068003,CELL0040
003016068008,CELL0040
003016068009,CELL0040
003016068004,CELL0040
003016068005,CELL0040
003016068010,CELL0040
003016068011,CELL0040
003016068006,CELL0040
003016068007,CELL0040
003016068012,CELL0040
003016068013,CELL0040
003016022007,CELL0030
003016022008,CELL0030
003016022015,CELL0030
003016022016,CELL0030
003016022023,CELL0030
003016022024,CELL0030
003016030012,CELL0030
003016022010,CELL0030
003016022017,CELL0030
003016022018,CELL0030
003016022025,CELL0030
003016022026,CELL0030
003016022011,CELL0030
003016022012,CELL0030
003016022019,CELL0030
003016022020,CELL0030
003016022027,CELL0030
003016022028,CELL0030
003016022013,CELL0030
003016022014,CELL0030
003016022021,CELL0030
003016022022,CELL0030
003016022029,CELL0030
003016022030,CELL0030
003016058026,CELL0020
003016058027,CELL0020
003016059002,CELL0020
003016059003,CELL0020
003016058028,CELL0020
003016058029,CELL0020
003016059004,CELL0020
003016059005,CELL0020
003016058030,CELL0020
003016059001,CELL0020
003016059006,CELL0020
003016059007,CELL0020
003016017010,CELL0030
003016017011,CELL0030
003016017018,CELL0030
003016017019,CELL0030
003016017026,CELL0030
003016017027,CELL0030
003016017012,CELL0030
003016017013,CELL0030
003016017020,CELL0030
003016017021,CELL0030
003016017028,CELL0030
003016017029,CELL0030
003016017014,CELL0030
003016017015,CELL0030
003016017022,CELL0030
003016017023,CELL0030
003016017030,CELL0030
003016018001,CELL0030
003016017016,CELL0030
003016017017,CELL0030
003016017024,CELL0030
003016017025,CELL0030
003016018002,CELL0030
003016018003,CELL0030
003016085009,CELL0050
003016085010,CELL0050
003016085015,CELL0050
003016085016,CELL0050
003016085011,CELL0050
003016085012,CELL0050
003016085017,CELL0050
003016085018,CELL0050
003016085013,CELL0050
003016085014,CELL0050
003016085019,CELL0050
003016085020,CELL0050
003016093002,CELL0080
003016093003,CELL0080
003016093004,CELL0080
003016093005,CELL0080
003016093006,CELL0080
003016093007,CELL0080
003016075024,CELL0050
003016075025,CELL0050
003016075030,CELL0050
003016076030,CELL0050
003016075026,CELL0050
003016075027,CELL0050
003016076002,CELL0050
003016076003,CELL0050
003016075028,CELL0050
003016075029,CELL0050
003016076004,CELL0050
003016076005,CELL0050
003016040003,CELL0030
003016040004,CELL0030
003016040011,CELL0030
003016040012,CELL0030
003016040019,CELL0030
003016040020,CELL0030
003016040005,CELL0030
003016040006,CELL0030
003016040013,CELL0030
003016040014,CELL0030
003016040021,CELL0030
003016040022,CELL0030
003016040007,CELL0030
003016040008,CELL0030
003016040015,CELL0030
003016040016,CELL0030
003016040023,CELL0030
003016040024,CELL0030
003016040009,CELL0030
003016040010,CELL0030
003016040017,CELL0030
003016040018,CELL0030
003016040025,CELL0030
003016040026,CELL0030
003016101025,CELL0080
003016101026,CELL0080
003016102003,CELL0080
003016102004,CELL0080
003016101027,CELL0080
003016101028,CELL0080
003016102005,CELL0080
003016102006,CELL0080
003016101029,CELL0080
003016101030,CELL0080
003016102007,CELL0080
003016102008,CELL0080
003016102001,CELL0080
003016102002,CELL0080
003016102009,CELL0080
003016102010,CELL0080
003016035006,CELL0030
003016035007,CELL0030
003016035014,CELL0030
003016035015,CELL0030
003016035022,CELL0030
003016035023,CELL0030
003016035008,CELL0030
003016035009,CELL0030
003016035016,CELL0030
003016035017,CELL0030
003016035024,CELL0030
003016035025,CELL0030
003016035010,CELL0030
003016035011,CELL0030
003016035018,CELL0030
003016035019,CELL0030
003016035026,CELL0030
003016035027,CELL0030
003016035012,CELL0030
003016035013,CELL0030
003016035020,CELL0030
003016035021,CELL0030
003016035028,CELL0030
003016035029,CELL0030
003016101009,CELL0080
003016101010,CELL0080
003016101017,CELL0080
003016101018,CELL0080
003016101011,CELL0080
003016101012,CELL0080
003016101019,CELL0080
003016101020,CELL0080
003016101013,CELL0080
003016101014,CELL0080
003016101021,CELL0080
003016101022,CELL0080
003016101015,CELL0080
003016101016,CELL0080
003016101023,CELL0080
003016101024,CELL0080
003016086015,CELL0060
003016086016,CELL0060
003016086021,CELL0060
003016086022,CELL0060
003016086017,CELL0060
003016086018,CELL0060
003016086023,CELL0060
003016086024,CELL0060
003016086019,CELL0060
003016086020,CELL0060
003016086025,CELL0060
003016086026,CELL0060
003016088007,CELL0050
003016088008,CELL0050
003016085003,CELL0050
003016085004,CELL0050
003016088009,CELL0050
003016088010,CELL0050
003016085005,CELL0050
003016085006,CELL0050
003016085001,CELL0050
003016085002,CELL0050
003016085007,CELL0050
003016085008,CELL0050
003016108022,CELL0080
003016108023,CELL0080
003016109002,CELL0080
003016109003,CELL0080
003016108026,CELL0080
003016108027,CELL0080
003016109006,CELL0080
003016109007,CELL0080
003016108028,CELL0080
003016108029,CELL0080
003016109008,CELL0080
003016109009,CELL0080
003016108030,CELL0080
003016109001,CELL0080
003016109010,CELL0080
003016109011,CELL0080
003016031007,CELL0030
003016031008,CELL0030
003016031015,CELL0030
003016031016,CELL0030
003016031023,CELL0030
003016031024,CELL0030
003016031009,CELL0030
003016031010,CELL0030
003016031017,CELL0030
003016031018,CELL0030
003016031025,CELL0030
003016031026,CELL0030
003016031011,CELL0030
003016031012,CELL0030
003016031019,CELL0030
003016031020,CELL0030
003016031027,CELL0030
003016031028,CELL0030
003016031013,CELL0030
003016031014,CELL0030
003016041027,CELL0030
003016031022,CELL0030
003016031029,CELL0030
003016031030,CELL0030
003016038015,CELL0030
003016038016,CELL0030
003016038023,CELL0030
003016038024,CELL0030
003016039001,CELL0030
003016039002,CELL0030
003016038017,CELL0030
003016038018,CELL0030
003016038025,CELL0030
003016038026,CELL0030
003016039003,CELL0030
003016039004,CELL0030
003016038019,CELL0030
003016038020,CELL0030
003016038027,CELL0030
003016038028,CELL0030
003016039005,CELL0030
003016039006,CELL0030
003016038021,CELL0030
003016038022,CELL0030
003016038029,CELL0030
003016038030,CELL0030
003016039007,CELL0030
003016039008,CELL0030
003016104030,CELL0080
003016105001,CELL0080
003016105008,CELL0080
003016105009,CELL0080
003016105002,CELL0080
003016105003,CELL0080
003016105010,CELL0080
003016105011,CELL0080
003016105004,CELL0080
003016105005,CELL0080
003016105012,CELL0080
003016105013,CELL0080
003016105006,CELL0080
003016105007,CELL0080
003016105014,CELL0080
003016105015,CELL0080
003016077001,CELL0040
003016077002,CELL0040
003016077007,CELL0040
003016077008,CELL0040
003016077003,CELL0040
003016077004,CELL0040
003016077009,CELL0040
003016077010,CELL0040
003016077005,CELL0040
003016077006,CELL0040
003016077011,CELL0040
003016077012,CELL0040
003016074006,CELL0050
003016074007,CELL0050
003016074012,CELL0050
003016074013,CELL0050
003016074008,CELL0050
003016074009,CELL0050
003016074014,CELL0050
003016074015,CELL0050
003016074010,CELL0050
003016074011,CELL0050
003016074016,CELL0050
003016074017,CELL0050
003016075012,CELL0050
003016075013,CELL0050
003016075018,CELL0050
003016075019,CELL0050
003016075014,CELL0050
003016075015,CELL0050
003016075020,CELL0050
003016075021,CELL0050
003016075016,CELL0050
003016075017,CELL0050
003016075022,CELL0050
003016075023,CELL0050
003016100023,CELL0080
003016100024,CELL0080
003016101001,CELL0080
003016101002,CELL0080
003016100025,CELL0080
003016100026,CELL0080
003016101003,CELL0080
003016101004,CELL0080
003016100027,CELL0080
003016100028,CELL0080
003016101005,CELL0080
003016101006,CELL0080
003016100029,CELL0080
003016100030,CELL0080
003016101007,CELL0080
003016101008,CELL0080
003016072015,CELL0040
003016072016,CELL0040
003016072021,CELL0040
003016072022,CELL0040
003016072017,CELL0040
003016072018,CELL0040
003016072023,CELL0040
003016072024,CELL0040
003016072019,CELL0040
003016072020,CELL0040
003016072025,CELL0040
003016072026,CELL0040
003016068026,CELL0040
003016068027,CELL0040
003016069002,CELL0040
003016069003,CELL0040
003016071020,CELL0040
003016068029,CELL0040
003016069004,CELL0040
003016069005,CELL0040
003016068030,CELL0040
003016069001,CELL0040
003016069006,CELL0040
003016069007,CELL0040
003016069008,CELL0040
003016069009,CELL0040
003016069014,CELL0040
003016069015,CELL0040
003016073009,CELL0040
003016069011,CELL0040
003016069016,CELL0040
003016073010,CELL0040
003016069012,CELL0040
003016069013,CELL0040
003016069018,CELL0040
003016069019,CELL0040
003016081009,CELL0050
003016081010,CELL0050
003016081015,CELL0050
003016081016,CELL0050
003016081011,CELL0050
003016081012,CELL0050
003016081017,CELL0050
003016081018,CELL0050
003016081013,CELL0050
003016081014,CELL0050
003016081019,CELL0050
003016081020,CELL0050
003016060026,CELL0020
003016060027,CELL0020
003016061002,CELL0020
003016061003,CELL0020
003016060028,CELL0020
003016060029,CELL0020
003016061004,CELL0020
003016061005,CELL0020
003016060030,CELL0020
003016061001,CELL0020
003016061006,CELL0020
003016061007,CELL0020
003016080015,CELL0050
003016080016,CELL0050
003016080021,CELL0050
003016080022,CELL0050
003016080017,CELL0050
003016080018,CELL0050
003016080023,CELL0050
003016080024,CELL0050
003016080019,CELL0050
003016080020,CELL0050
003016080025,CELL0050
003016080026,CELL0050
003016021001,CELL0030
003016021002,CELL0030
003016021009,CELL0030
003016021010,CELL0030
003016020024,CELL0030
003016020025,CELL0030
003016021003,CELL0030
003016021004,CELL0030
003016021011,CELL0030
003016021012,CELL0030
003016020026,CELL0030
003016020027,CELL0030
003016021005,CELL0030
003016021006,CELL0030
003016020020,CELL0030
003016020021,CELL0030
003016020028,CELL0030
003016020029,CELL0030
003016021007,CELL0030
003016021008,CELL0030
003016020022,CELL0030
003016020023,CELL0030
003016020030,CELL0030
003016030010,CELL0030
003016086027,CELL0060
003016086028,CELL0060
003016087003,CELL0060
003016087004,CELL0060
003016086029,CELL0060
003016086030,CELL0060
003016087005,CELL0060
003016087006,CELL0060
003016087001,CELL0060
003016087002,CELL0060
003016087007,CELL0060
003016087008,CELL0060
003016070002,CELL0040
003016070003,CELL0040
003016070008,CELL0040
003016070009,CELL0040
003016070004,CELL0040
003016070005,CELL0040
003016070010,CELL0040
003016070011,CELL0040
003016070006,CELL0040
003016070007,CELL0040
003016070012,CELL0040
003016070013,CELL0040
003016067020,CELL0040
003016067021,CELL0040
003016067026,CELL0040
003016067027,CELL0040
003016067022,CELL0040
003016067023,CELL0040
003016067028,CELL0040
003016067029,CELL0040
003016067024,CELL0040
003016067025,CELL0040
003016067030,CELL0040
003016068001,CELL0040
003016108006,CELL0080
003016108007,CELL0080
003016108014,CELL0080
003016108015,CELL0080
003016108008,CELL0080
003016108009,CELL0080
003016108016,CELL0080
003016108017,CELL0080
003016108010,CELL0080
003016108011,CELL0080
003016108018,CELL0080
003016108019,CELL0080
003016108012,CELL0080
003016108013,CELL0080
003016108020,CELL0080
003016108021,CELL0080
003016023001,CELL0030
003016023002,CELL0030
003016023009,CELL0030
003016023010,CELL0030
003016023017,CELL0030
003016023018,CELL0030
003016023003,CELL0030
003016023004,CELL0030
003016023011,CELL0030
003016023012,CELL0030
003016023019,CELL0030
003016023020,CELL0030
003016023005,CELL0030
003016023006,CELL0030
003016023013,CELL0030
003016023014,CELL0030
003016023021,CELL0030
003016023022,CELL0030
003016023007,CELL0030
003016023008,CELL0030
003016023015,CELL0030
003016023016,CELL0030
003016023023,CELL0030
003016023024,CELL0030
003016042021,CELL0030
003016042022,CELL0030
003016042029,CELL0030
003016042030,CELL0030
003016043007,CELL0030
003016043008,CELL0030
003016042023,CELL0030
003016042024,CELL0030
003016043001,CELL0030
003016043002,CELL0030
003016043009,CELL0030
003016043010,CELL0030
003016042025,CELL0030
003016042026,CELL0030
003016043003,CELL0030
003016043004,CELL0030
003016043011,CELL0030
003016043012,CELL0030
003016042027,CELL0030
003016042028,CELL0030
003016043005,CELL0030
003016043006,CELL0030
003016043013,CELL0030
003016043014,CELL0030
003016067008,CELL0040
003016067009,CELL0040
003016067014,CELL0040
003016067015,CELL0040
003016067010,CELL0040
003016067011,CELL0040
003016067016,CELL0040
003016067017,CELL0040
003016067012,CELL0040
003016067013,CELL0040
003016067018,CELL0040
003016067019,CELL0040
003016104014,CELL0080
003016104015,CELL0080
003016104022,CELL0080
003016104023,CELL0080
003016104016,CELL0080
003016104017,CELL0080
003016104024,CELL0080
003016104025,CELL0080
003016104018,CELL0080
003016104019,CELL0080
003016104026,CELL0080
003016104027,CELL0080
003016104020,CELL0080
003016104021,CELL0080
003016104028,CELL0080
003016104029,CELL0080
003016025013,CELL0030
003016025014,CELL0030
003016025021,CELL0030
003016025022,CELL0030
003016025029,CELL0030
003016030011,CELL0030
003016025015,CELL0030
003016025016,CELL0030
003016025023,CELL0030
003016025024,CELL0030
003016025030,CELL0030
003016026001,CELL0030
003016025017,CELL0030
003016025018,CELL0030
003016025025,CELL0030
003016025026,CELL0030
003016026002,CELL0030
003016026003,CELL0030
003016025019,CELL0030
003016025020,CELL0030
003016025027,CELL0030
003016025028,CELL0030
003016026004,CELL0030
003016026005,CELL0030
003016043015,CELL0030
003016043016,CELL0030
003016043023,CELL0030
003016043024,CELL0030
003016044001,CELL0030
003016044002,CELL0030
003016043017,CELL0030
003016043018,CELL0030
003016043025,CELL0030
003016043026,CELL0030
003016044003,CELL0030
003016044004,CELL0030
003016043019,CELL0030
003016043020,CELL0030
003016043027,CELL0030
003016043028,CELL0030
003016044005,CELL0030
003016044006,CELL0030
003016043021,CELL0030
003016043022,CELL0030
003016043029,CELL0030
003016043030,CELL0030
003016044007,CELL0030
003016044008,CELL0030
003016032001,CELL0030
003016032002,CELL0030
003016032009,CELL0030
003016032010,CELL0030
003016032016,CELL0030
003016032017,CELL0030
003016032003,CELL0030
003016032004,CELL0030
003016041026,CELL0030
003016032011,CELL0030
003016032018,CELL0030
003016032019,CELL0030
003016032005,CELL0030
003016032006,CELL0030
003016032012,CELL0030
003016032013,CELL0030
003016032020,CELL0030
003016032021,CELL0030
003016032007,CELL0030
003016032008,CELL0030
003016032014,CELL0030
003016032015,CELL0030
003016032022,CELL0030
003016032023,CELL0030
003016040027,CELL0030
003016040028,CELL0030
003016041005,CELL0030
003016041006,CELL0030
003016041013,CELL0030
003016041014,CELL0030
003016040029,CELL0030
003016040030,CELL0030
003016041007,CELL0030
003016041008,CELL0030
003016041015,CELL0030
003016041016,CELL0030
003016041001,CELL0030
003016041002,CELL0030
003016041009,CELL0030
003016041010,CELL0030
003016041017,CELL0030
003016041018,CELL0030
003016041003,CELL0030
003016041004,CELL0030
003016041011,CELL0030
003016041012,CELL0030
003016041019,CELL0030
003016041020,CELL0030
003016096009,CELL0080
003016096010,CELL0080
003016096017,CELL0080
003016096018,CELL0080
003016096025,CELL0080
003016096026,CELL0080
003016096011,CELL0080
003016096012,CELL0080
003016096019,CELL0080
003016096020,CELL0080
003016096027,CELL0080
003016096028,CELL0080
003016096013,CELL0080
003016096014,CELL0080
003016096021,CELL0080
003016096022,CELL0080
003016096029,CELL0080
003016096030,CELL0080
003016096015,CELL0080
003016096016,CELL0080
003016096023,CELL0080
003016096024,CELL0080
003016097001,CELL0080
003016097002,CELL0080
003016026030,CELL0030
003016027001,CELL0030
003016027008,CELL0030
003016027009,CELL0030
003016027016,CELL0030
003016027017,CELL0030
003016027002,CELL0030
003016027003,CELL0030
003016027010,CELL0030
003016027011,CELL0030
003016027018,CELL0030
003016027019,CELL0030
003016027004,CELL0030
003016027005,CELL0030
003016027012,CELL0030
003016027013,CELL0030
003016027020,CELL0030
003016027021,CELL0030
003016027006,CELL0030
003016027007,CELL0030
003016027014,CELL0030
003016027015,CELL0030
003016027022,CELL0030
003016027023,CELL0030
003016066002,CELL0040
003016066003,CELL0040
003016066008,CELL0040
003016066009,CELL0040
003016066004,CELL0040
003016066005,CELL0040
003016066010,CELL0040
003016066011,CELL0040
003016066006,CELL0040
003016066007,CELL0040
003016066012,CELL0040
003016066013,CELL0040
003016066014,CELL0040
003016066015,CELL0040
003016066020,CELL0040
003016066021,CELL0040
003016066016,CELL0040
003016066017,CELL0040
003016066022,CELL0040
003016066023,CELL0040
003016066018,CELL0040
003016066019,CELL0040
003016066024,CELL0040
003016066025,CELL0040
003016065008,CELL0040
003016065009,CELL0040
003016065014,CELL0040
003016065015,CELL0040
003016065010,CELL0040
003016065011,CELL0040
003016065016,CELL0040
003016065017,CELL0040
003016065012,CELL0040
003016065013,CELL0040
003016065018,CELL0040
003016065019,CELL0040
003016014004,CELL0030
003016014005,CELL0030
003016014012,CELL0030
003016014013,CELL0030
003016014020,CELL0030
003016014021,CELL0030
003016014006,CELL0030
003016014007,CELL0030
003016014014,CELL0030
003016014015,CELL0030
003016014022,CELL0030
003016014023,CELL0030
003016014008,CELL0030
003016014009,CELL0030
003016014016,CELL0030
003016014017,CELL0030
003016014024,CELL0030
003016014025,CELL0030
003016014010,CELL0030
003016014011,CELL0030
003016014018,CELL0030
003016014019,CELL0030
003016014026,CELL0030
003016014027,CELL0030
003016098021,CELL0080
003016098022,CELL0080
003016098029,CELL0080
003016098030,CELL0080
003016098023,CELL0080
003016098024,CELL0080
003016099001,CELL0080
003016099002,CELL0080
003016098025,CELL0080
003016098026,CELL0080
003016099003,CELL0080
003016099004,CELL0080
003016098027,CELL0080
003016098028,CELL0080
003016099005,CELL0080
003016099006,CELL0080
003016097003,CELL0080
003016097004,CELL0080
003016097011,CELL0080
003016097012,CELL0080
003016097019,CELL0080
003016097020,CELL0080
003016097005,CELL0080
003016097006,CELL0080
003016097013,CELL0080
003016097014,CELL0080
003016097021,CELL0080
003016097022,CELL0080
003016097007,CELL0080
003016097008,CELL0080
003016097015,CELL0080
003016097016,CELL0080
003016097023,CELL0080
003016097024,CELL0080
003016097009,CELL0080
003016097010,CELL0080
003016097017,CELL0080
003016097018,CELL0080
003016097025,CELL0080
003016097026,CELL0080
003016097027,CELL0080
003016097028,CELL0080
003016098005,CELL0080
003016098006,CELL0080
003016098013,CELL0080
003016098014,CELL0080
003016097029,CELL0080
003016097030,CELL0080
003016098007,CELL0080
003016098008,CELL0080
003016098015,CELL0080
003016098016,CELL0080
003016098001,CELL0080
003016098002,CELL0080
003016098009,CELL0080
003016098010,CELL0080
003016098017,CELL0080
003016098018,CELL0080
003016098003,CELL0080
003016098004,CELL0080
003016098011,CELL0080
003016098012,CELL0080
003016098019,CELL0080
003016098020,CELL0080
003016064002,CELL0040
003016064003,CELL0040
003016064008,CELL0040
003016064009,CELL0040
003016064004,CELL0040
003016064005,CELL0040
003016064010,CELL0040
003016064011,CELL0040
003016064006,CELL0040
003016064007,CELL0040
003016064012,CELL0040
003016064013,CELL0040
003016015022,CELL0030
003016015023,CELL0030
003016015030,CELL0030
003016017001,CELL0030
003016017008,CELL0030
003016017009,CELL0030
003016015024,CELL0030
003016015025,CELL0030
003016017002,CELL0030
003016017003,CELL0030
003016016025,CELL0030
003016016026,CELL0030
003016015026,CELL0030
003016015027,CELL0030
003016017004,CELL0030
003016017005,CELL0030
003016016027,CELL0030
003016016028,CELL0030
003016015028,CELL0030
003016015029,CELL0030
003016017006,CELL0030
003016017007,CELL0030
003016016029,CELL0030
003016016030,CELL0030
003016050030,CELL0030
003016051001,CELL0030
003016051008,CELL0030
003016051009,CELL0030
003016051016,CELL0030
003016051017,CELL0030
003016051002,CELL0030
003016051003,CELL0030
003016051010,CELL0030
003016051011,CELL0030
003016051018,CELL0030
003016051019,CELL0030
003016051004,CELL0030
003016051005,CELL0030
003016051012,CELL0030
003016051013,CELL0030
003016051020,CELL0030
003016051021,CELL0030
003016051006,CELL0030
003016051007,CELL0030
003016051014,CELL0030
003016051015,CELL0030
003016051022,CELL0030
003016051023,CELL0030
003016026006,CELL0030
003016026007,CELL0030
003016026014,CELL0030
003016026015,CELL0030
003016026022,CELL0030
003016026023,CELL0030
003016026008,CELL0030
003016026009,CELL0030
003016026016,CELL0030
003016026017,CELL0030
003016026024,CELL0030
003016026025,CELL0030
003016026010,CELL0030
003016026011,CELL0030
003016026018,CELL0030
003016026019,CELL0030
003016026026,CELL0030
003016026027,CELL0030
003016026012,CELL0030
003016026013,CELL0030
003016026020,CELL0030
003016026021,CELL0030
003016026028,CELL0030
003016026029,CELL0030
003016049012,CELL0030
003016049013,CELL0030
003016049020,CELL0030
003016049021,CELL0030
003016049028,CELL0030
003016049029,CELL0030
003016049014,CELL0030
003016049015,CELL0030
003016049022,CELL0030
003016049023,CELL0030
003016049030,CELL0030
003016050001,CELL0030
003016049016,CELL0030
003016049017,CELL0030
003016049024,CELL0030
003016049025,CELL0030
003016050002,CELL0030
003016050003,CELL0030
003016049018,CELL0030
003016049019,CELL0030
003016049026,CELL0030
003016049027,CELL0030
003016050004,CELL0030
003016050005,CELL0030
003016086003,CELL0060
003016086004,CELL0060
003016086009,CELL0060
003016086010,CELL0060
003016086005,CELL0060
003016086006,CELL0060
003016086011,CELL0060
003016086012,CELL0060
003016086007,CELL0060
003016086008,CELL0060
003016086013,CELL0060
003016086014,CELL0060
003016069020,CELL0040
003016069021,CELL0040
003016069026,CELL0040
003016069027,CELL0040
003016069022,CELL0040
003016069023,CELL0040
003016069028,CELL0040
003016069029,CELL0040
003016069024,CELL0040
003016069025,CELL0040
003016069030,CELL0040
003016070001,CELL0040
003016079004,CELL0050
003016079005,CELL0050
003016079010,CELL0050
003016079011,CELL0050
003016079006,CELL0050
003016079007,CELL0050
003016079012,CELL0050
003016079013,CELL0050
003016079008,CELL0050
003016079009,CELL0050
003016079014,CELL0050
003016079015,CELL0050
003016060001,CELL0020
003016060002,CELL0020
003016060007,CELL0020
003016060008,CELL0020
003016060003,CELL0020
003016060004,CELL0020
003016060009,CELL0020
003016060010,CELL0020
003016060005,CELL0020
003016060006,CELL0020
003016060011,CELL0020
003016060012,CELL0020
003016041023,CELL0030
003016019023,CELL0030
003016019030,CELL0030
003016020001,CELL0030
003016020008,CELL0030
003016020009,CELL0030
003016019024,CELL0030
003016019025,CELL0030
003016020002,CELL0030
003016020003,CELL0030
003016020010,CELL0030
003016020011,CELL0030
003016019026,CELL0030
003016019027,CELL0030
003016020004,CELL0030
003016020005,CELL0030
003016020012,CELL0030
003016020013,CELL0030
003016019028,CELL0030
003016019029,CELL0030
003016020006,CELL0030
003016020007,CELL0030
003016020014,CELL0030
003016020015,CELL0030
003016061020,CELL0020
003016061021,CELL0020
003016061026,CELL0020
003016061027,CELL0020
003016061022,CELL0020
003016061023,CELL0020
003016061028,CELL0020
003016061029,CELL0020
003016061024,CELL0020
003016061025,CELL0020
003016061030,CELL0020
003016062001,CELL0020
003016061008,CELL0020
003016061009,CELL0020
003016061014,CELL0020
003016061015,CELL0020
003016061010,CELL0020
003016061011,CELL0020
003016061016,CELL0020
003016061017,CELL0020
003016061012,CELL0020
003016061013,CELL0020
003016061018,CELL0020
003016061019,CELL0020
003016105024,CELL0080
003016105025,CELL0080
003016106010,CELL0080
003016106011,CELL0080
003016105026,CELL0080
003016105027,CELL0080
003016106012,CELL0080
003016106013,CELL0080
003016105028,CELL0080
003016105029,CELL0080
003016106014,CELL0080
003016106015,CELL0080
003016105030,CELL0080
003016106001,CELL0080
003016106016,CELL0080
003016106017,CELL0080
003016048018,CELL0030
003016048019,CELL0030
003016048026,CELL0030
003016048027,CELL0030
003016049004,CELL0030
003016049005,CELL0030
003016048020,CELL0030
003016048021,CELL0030
003016048028,CELL0030
003016048029,CELL0030
003016049006,CELL0030
003016049007,CELL0030
003016048022,CELL0030
003016048023,CELL0030
003016048030,CELL0030
003016049001,CELL0030
003016049008,CELL0030
003016049009,CELL0030
003016048024,CELL0030
003016048025,CELL0030
003016049002,CELL0030
003016049003,CELL0030
003016049010,CELL0030
003016049011,CELL0030
003016074018,CELL0050
003016074019,CELL0050
003016074024,CELL0050
003016074025,CELL0050
003016074020,CELL0050
003016074021,CELL0050
003016074026,CELL0050
003016074027,CELL0050
003016074022,CELL0050
003016074023,CELL0050
003016074028,CELL0050
003016074029,CELL0050
003016062002,CELL0020
003016062003,CELL0020
003016062008,CELL0020
003016062009,CELL0020
003016062004,CELL0020
003016062005,CELL0020
003016062010,CELL0020
003016062011,CELL0020
003016062006,CELL0020
003016062007,CELL0020
003016062012,CELL0020
003016062013,CELL0020
003016063020,CELL0040
003016063021,CELL0040
003016063026,CELL0040
003016063027,CELL0040
003016063022,CELL0040
003016063023,CELL0040
003016063028,CELL0040
003016063029,CELL0040
003016063024,CELL0040
003016063025,CELL0040
003016063030,CELL0040
003016064001,CELL0040
003016011022,CELL0030
003016011023,CELL0030
003016011030,CELL0030
003016012001,CELL0030
003016012008,CELL0030
003016012009,CELL0030
003016011024,CELL0030
003016011025,CELL0030
003016012002,CELL0030
003016012003,CELL0030
003016012010,CELL0030
003016012011,CELL0030
003016011026,CELL0030
003016011027,CELL0030
003016012004,CELL0030
003016012005,CELL0030
003016012012,CELL0030
003016012013,CELL0030
003016011028,CELL0030
003016011029,CELL0030
003016012006,CELL0030
003016012007,CELL0030
003016012014,CELL0030
003016012015,CELL0030
003016066026,CELL0040
003016066027,CELL0040
003016067002,CELL0040
003016067003,CELL0040
003016066028,CELL0040
003016066029,CELL0040
003016067004,CELL0040
003016067005,CELL0040
003016066030,CELL0040
003016067001,CELL0040
003016067006,CELL0040
003016067007,CELL0040
003016093014,CELL0080
003016093015,CELL0080
003016093016,CELL0080
003016093017,CELL0080
003016093018,CELL0080
003016093019,CELL0080
003016068014,CELL0040
003016068015,CELL0040
003016068020,CELL0040
003016068021,CELL0040
003016068016,CELL0040
003016068017,CELL0040
003016068022,CELL0040
003016068023,CELL0040
003016068018,CELL0040
003016068019,CELL0040
003016068024,CELL0040
003016068025,CELL0040
003016076018,CELL0040
003016076019,CELL0040
003016076024,CELL0040
003016076025,CELL0040
003016076020,CELL0040
003016076021,CELL0040
003016076026,CELL0040
003016076027,CELL0040
003016076022,CELL0040
003016076023,CELL0040
003016076028,CELL0040
003016076029,CELL0040
003016080027,CELL0050
003016080028,CELL0050
003016081003,CELL0050
003016081004,CELL0050
003016080029,CELL0050
003016080030,CELL0050
003016081005,CELL0050
003016081006,CELL0050
003016081001,CELL0050
003016081002,CELL0050
003016081007,CELL0050
003016081008,CELL0050
003016030013,CELL0030
003016030014,CELL0030
003016030021,CELL0030
003016030022,CELL0030
003016030029,CELL0030
003016030030,CELL0030
003016030015,CELL0030
003016030016,CELL0030
003016030023,CELL0030
003016030024,CELL0030
003016048009,CELL0030
003016048010,CELL0030
003016030017,CELL0030
003016030018,CELL0030
003016030025,CELL0030
003016030026,CELL0030
003016048011,CELL0030
003016048012,CELL0030
003016030019,CELL0030
003016030020,CELL0030
003016030027,CELL0030
003016030028,CELL0030
003016031005,CELL0030
003016031006,CELL0030
003016064026,CELL0040
003016064027,CELL0040
003016065002,CELL0040
003016065003,CELL0040
003016064028,CELL0040
003016064029,CELL0040
003016065004,CELL0040
003016065005,CELL0040
003016064030,CELL0040
003016065001,CELL0040
003016065006,CELL0040
003016065007,CELL0040
003016088030,CELL0050
003016089001,CELL0050
003016089006,CELL0050
003016089007,CELL0050
003016089002,CELL0050
003016089003,CELL0050
003016089008,CELL0050
003016089009,CELL0050
003016089004,CELL0050
003016089005,CELL0050
003016089010,CELL0050
003016089011,CELL0050
003016035030,CELL0030
003016036001,CELL0030
003016036008,CELL0030
003016036009,CELL0030
003016036016,CELL0030
003016036017,CELL0030
003016036002,CELL0030
003016036003,CELL0030
003016036010,CELL0030
003016036011,CELL0030
003016036018,CELL0030
003016036019,CELL0030
003016036004,CELL0030
003016036005,CELL0030
003016036012,CELL0030
003016036013,CELL0030
003016036020,CELL0030
003016036021,CELL0030
003016036006,CELL0030
003016036007,CELL0030
003016036014,CELL0030
003016036015,CELL0030
003016036022,CELL0030
003016036023,CELL0030
003016072003,CELL0040
003016072004,CELL0040
003016072009,CELL0040
003016072010,CELL0040
003016072005,CELL0040
003016072006,CELL0040
003016072011,CELL0040
003016072012,CELL0040
003016072007,CELL0040
003016072008,CELL0040
003016072013,CELL0040
003016072014,CELL0040
003016059008,CELL0020
003016059009,CELL0020
003016059014,CELL0020
003016059015,CELL0020
003016059010,CELL0020
003016059011,CELL0020
003016059016,CELL0020
003016059017,CELL0020
003016059012,CELL0020
003016059013,CELL0020
003016059018,CELL0020
003016059019,CELL0020
003016073023,CELL0040
003016073024,CELL0040
003016073029,CELL0040
003016073030,CELL0040
003016073025,CELL0040
003016073026,CELL0040
003016074001,CELL0040
003016074002,CELL0040
003016073027,CELL0040
003016073028,CELL0040
003016074003,CELL0040
003016074004,CELL0040
003016045003,CELL0030
003016045004,CELL0030
003016045011,CELL0030
003016045012,CELL0030
003016045019,CELL0030
003016045020,CELL0030
003016045005,CELL0030
003016045006,CELL0030
003016045013,CELL0030
003016045014,CELL0030
003016045021,CELL0030
003016045022,CELL0030
003016045007,CELL0030
003016045008,CELL0030
003016045015,CELL0030
003016045016,CELL0030
003016045023,CELL0030
003016045024,CELL0030
003016045009,CELL0030
003016045010,CELL0030
003016045017,CELL0030
003016045018,CELL0030
003016045025,CELL0030
003016045026,CELL0030
003016094022,CELL0080
003016094023,CELL0080
003016094030,CELL0080
003016095001,CELL0080
003016094024,CELL0080
003016094025,CELL0080
003016095002,CELL0080
003016095003,CELL0080
003016094026,CELL0080
003016094027,CELL0080
003016095004,CELL0080
003016095005,CELL0080
003016094028,CELL0080
003016094029,CELL0080
003016095006,CELL0080
003016095007,CELL0080
003016088018,CELL0050
003016088019,CELL0050
003016088024,CELL0050
003016088025,CELL0050
003016088020,CELL0050
003016088021,CELL0050
003016088026,CELL0050
003016088027,CELL0050
003016088022,CELL0050
003016088023,CELL0050
003016088028,CELL0050
003016088029,CELL0050
003016018028,CELL0030
003016018029,CELL0030
003016019006,CELL0030
003016019007,CELL0030
003016019014,CELL0030
003016019015,CELL0030
003016018030,CELL0030
003016019001,CELL0030
003016019008,CELL0030
003016019009,CELL0030
003016019016,CELL0030
003016019017,CELL0030
003016019002,CELL0030
003016019003,CELL0030
003016019010,CELL0030
003016019011,CELL0030
003016019018,CELL0030
003016019019,CELL0030
003016019004,CELL0030
003016019005,CELL0030
003016019012,CELL0030
003016019013,CELL0030
003016019020,CELL0030
003016019021,CELL0030
003016087009,CELL0060
003016087010,CELL0060
003016087015,CELL0060
003016087016,CELL0060
003016087011,CELL0060
003016087012,CELL0060
003016087017,CELL0060
003016088016,CELL0060
003016087013,CELL0060
003016088015,CELL0060
003016087019,CELL0060
003016088017,CELL0060
003016012016,CELL0030
003016012017,CELL0030
003016012024,CELL0030
003016012025,CELL0030
003016013026,CELL0030
003016013027,CELL0030
003016012018,CELL0030
003016012019,CELL0030
003016012026,CELL0030
003016012027,CELL0030
003016013028,CELL0030
003016013029,CELL0030
003016012020,CELL0030
003016012021,CELL0030
003016012028,CELL0030
003016012029,CELL0030
003016013030,CELL0030
003016014001,CELL0030
003016012022,CELL0030
003016012023,CELL0030
003016012030,CELL0030
003016013025,CELL0030
003016014002,CELL0030
003016014003,CELL0030
003016045027,CELL0030
003016045028,CELL0030
003016046005,CELL0030
003016046006,CELL0030
003016046013,CELL0030
003016046014,CELL0030
003016045029,CELL0030
003016045030,CELL0030
003016046007,CELL0030
003016046008,CELL0030
003016046015,CELL0030
003016046016,CELL0030
003016046001,CELL0030
003016046002,CELL0030
003016046009,CELL0030
003016046010,CELL0030
003016046017,CELL0030
003016046018,CELL0030
003016046003,CELL0030
003016046004,CELL0030
003016046011,CELL0030
003016046012,CELL0030
003016046019,CELL0030
003016046020,CELL0030
003016102011,CELL0080
003016102012,CELL0080
003016102020,CELL0080
003016102021,CELL0080
003016102013,CELL0080
003016102014,CELL0080
003016102022,CELL0080
003016102023,CELL0080
003016102015,CELL0080
003016102016,CELL0080
003016102024,CELL0080
003016102025,CELL0080
003016102017,CELL0080
003016102019,CELL0080
003016084002,CELL0040
003016084003,CELL0040
003016084008,CELL0040
003016084009,CELL0040
003016084004,CELL0040
003016084005,CELL0040
003016084010,CELL0040
003016087024,CELL0040
003016084006,CELL0040
003016084007,CELL0040
003016084012,CELL0040
003016084013,CELL0040
003016110002,CELL0080
003016110003,CELL0080
003016110012,CELL0080
003016110013,CELL0080
003016110006,CELL0080
003016110007,CELL0080
003016110016,CELL0080
003016110017,CELL0080
003016110008,CELL0080
003016110009,CELL0080
003016110018,CELL0080
003016110019,CELL0080
003016110010,CELL0080
003016110011,CELL0080
003016110020,CELL0080
003016110021,CELL0080
003016039009,CELL0030
003016039010,CELL0030
003016039017,CELL0030
003016039018,CELL0030
003016039025,CELL0030
003016039026,CELL0030
003016039011,CELL0030
003016039012,CELL0030
003016039019,CELL0030
003016039020,CELL0030
003016039027,CELL0030
003016039028,CELL0030
003016039013,CELL0030
003016039014,CELL0030
003016039021,CELL0030
003016039022,CELL0030
003016039029,CELL0030
003016039030,CELL0030
003016039015,CELL0030
003016039016,CELL0030
003016039023,CELL0030
003016039024,CELL0030
003016040001,CELL0030
003016040002,CELL0030
003016062026,CELL0040
003016062027,CELL0040
003016063002,CELL0040
003016063003,CELL0040
003016062028,CELL0040
003016062029,CELL0040
003016063004,CELL0040
003016063005,CELL0040
003016062030,CELL0040
003016063001,CELL0040
003016063006,CELL0040
003016063007,CELL0040
003016070014,CELL0040
003016070015,CELL0040
003016070020,CELL0040
003016070021,CELL0040
003016070016,CELL0040
003016070017,CELL0040
003016070022,CELL0040
003016070023,CELL0040
003016070018,CELL0040
003016070019,CELL0040
003016070024,CELL0040
003016070025,CELL0040
003016013001,CELL0030
003016013002,CELL0030
003016013009,CELL0030
003016013010,CELL0030
003016013017,CELL0030
003016013018,CELL0030
003016013003,CELL0030
003016013004,CELL0030
003016013011,CELL0030
003016013012,CELL0030
003016013019,CELL0030
003016013020,CELL0030
003016013005,CELL0030
003016013006,CELL0030
003016013013,CELL0030
003016013014,CELL0030
003016013021,CELL0030
003016013022,CELL0030
003016013007,CELL0030
003016013008,CELL0030
003016013015,CELL0030
003016013016,CELL0030
003016013023,CELL0030
003016013024,CELL0030
003016109012,CELL0080
003016109013,CELL0080
003016109022,CELL0080
003016109023,CELL0080
003016109016,CELL0080
003016109017,CELL0080
003016109026,CELL0080
003016109027,CELL0080
003016109018,CELL0080
003016109019,CELL0080
003016109028,CELL0080
003016109029,CELL0080
003016109020,CELL0080
003016109021,CELL0080
003016109030,CELL0080
003016110001,CELL0080
003016105016,CELL0080
003016105017,CELL0080
003016106002,CELL0080
003016106003,CELL0080
003016105018,CELL0080
003016105019,CELL0080
003016106004,CELL0080
003016106005,CELL0080
003016105020,CELL0080
003016105021,CELL0080
003016106006,CELL0080
003016106007,CELL0080
003016105022,CELL0080
003016105023,CELL0080
003016106008,CELL0080
003016106009,CELL0080
003016079019,CELL0050
003016078023,CELL0050
003016079020,CELL0050
003016078029,CELL0050
003016078024,CELL0050
003016078025,CELL0050
003016078030,CELL0050
003016079001,CELL0050
003016078026,CELL0050
003016078027,CELL0050
003016079002,CELL0050
003016079003,CELL0050
003016033018,CELL0030
003016033019,CELL0030
003016033026,CELL0030
003016033027,CELL0030
003016034004,CELL0030
003016034005,CELL0030
003016033020,CELL0030
003016033021,CELL0030
003016033028,CELL0030
003016033029,CELL0030
003016034006,CELL0030
003016034007,CELL0030
003016033022,CELL0030
003016033023,CELL0030
003016033030,CELL0030
003016034001,CELL0030
003016034008,CELL0030
003016034009,CELL0030
003016033024,CELL0030
003016033025,CELL0030
003016034002,CELL0030
003016034003,CELL0030
003016034010,CELL0030
003016034011,CELL0030
003016073011,CELL0050
003016073012,CELL0050
003016073017,CELL0050
003016073018,CELL0050
003016073013,CELL0050
003016073014,CELL0050
003016073019,CELL0050
003016073020,CELL0050
003016073015,CELL0050
003016073016,CELL0050
003016073021,CELL0050
003016073022,CELL0050
003016084015,CELL0050
003016084016,CELL0050
003016084021,CELL0050
003016084022,CELL0050
003016084017,CELL0050
003016084018,CELL0050
003016084023,CELL0050
003016084024,CELL0050
003016084019,CELL0050
003016084020,CELL0050
003016084025,CELL0050
003016084026,CELL0050
003016063008,CELL0040
003016063009,CELL0040
003016063014,CELL0040
003016063015,CELL0040
003016063010,CELL0040
003016063011,CELL0040
003016063016,CELL0040
003016063017,CELL0040
003016063012,CELL0040
003016063013,CELL0040
003016063018,CELL0040
003016063019,CELL0040
003016060014,CELL0020
003016060015,CELL0020
003016060020,CELL0020
003016060021,CELL0020
003016060016,CELL0020
003016060017,CELL0020
003016060022,CELL0020
003016060023,CELL0020
003016060018,CELL0020
003016060019,CELL0020
003016060024,CELL0020
003016060025,CELL0020
003016070026,CELL0040
003016070027,CELL0040
003016071002,CELL0040
003016071003,CELL0040
003016070028,CELL0040
003016070029,CELL0040
003016071004,CELL0040
003016071005,CELL0040
003016070030,CELL0040
003016071001,CELL0040
003016071006,CELL0040
003016071007,CELL0040
003016085021,CELL0060
003016085022,CELL0060
003016085027,CELL0060
003016085028,CELL0060
003016085023,CELL0060
003016085024,CELL0060
003016085029,CELL0060
003016085030,CELL0060
003016085025,CELL0060
003016085026,CELL0060
003016086001,CELL0060
003016086002,CELL0060
003016042001,CELL0030
003016042002,CELL0030
003016042009,CELL0030
003016042010,CELL0030
003016042017,CELL0030
003016042018,CELL0030
003016042003,CELL0030
003016042004,CELL0030
003016042011,CELL0030
003016042012,CELL0030
003016048015,CELL0030
003016048016,CELL0030
003016042005,CELL0030
003016042006,CELL0030
003016042013,CELL0030
003016042014,CELL0030
003016042020,CELL0030
003016041028,CELL0030
003016042007,CELL0030
003016042008,CELL0030
003016042015,CELL0030
003016042016,CELL0030
003016041029,CELL0030
003016041030,CELL0030
003016072027,CELL0040
003016072028,CELL0040
003016073003,CELL0040
003016073004,CELL0040
003016072029,CELL0040
003016072030,CELL0040
003016073005,CELL0040
003016073006,CELL0040
003016073001,CELL0040
003016073002,CELL0040
003016073007,CELL0040
003016073008,CELL0040
003016050006,CELL0030
003016050007,CELL0030
003016050014,CELL0030
003016050015,CELL0030
003016050022,CELL0030
003016050023,CELL0030
003016050008,CELL0030
003016050009,CELL0030
003016051027,CELL0030
003016050017,CELL0030
003016050024,CELL0030
003016050025,CELL0030
003016050010,CELL0030
003016050011,CELL0030
003016050018,CELL0030
003016050019,CELL0030
003016050026,CELL0030
003016050027,CELL0030
003016050012,CELL0030
003016050013,CELL0030
003016050020,CELL0030
003016050021,CELL0030
003016050028,CELL0030
003016050029,CELL0030
003016047015,CELL0030
003016047016,CELL0030
003016047023,CELL0030
003016047024,CELL0030
003016048001,CELL0030
003016048002,CELL0030
003016047017,CELL0030
003016047018,CELL0030
003016047025,CELL0030
003016047026,CELL0030
003016048003,CELL0030
003016048004,CELL0030
003016047019,CELL0030
003016047020,CELL0030
003016047027,CELL0030
003016047028,CELL0030
003016048005,CELL0030
003016048006,CELL0030
003016047021,CELL0030
003016047022,CELL0030
003016047029,CELL0030
003016047030,CELL0030
003016048007,CELL0030
003016048008,CELL0030
003016083008,CELL0050
003016083009,CELL0050
003016083014,CELL0050
003016083015,CELL0050
003016083010,CELL0050
003016083011,CELL0050
003016083016,CELL0050
003016083017,CELL0050
003016083012,CELL0050
003016083013,CELL0050
003016083018,CELL0050
003016083019,CELL0050
003016083020,CELL0040
003016083021,CELL0040
003016083026,CELL0040
003016083027,CELL0040
003016083022,CELL0040
003016083023,CELL0040
003016083028,CELL0040
003016083029,CELL0040
003016083024,CELL0040
003016083025,CELL0040
003016083030,CELL0040
003016084001,CELL0040
003016077025,CELL0050
003016078019,CELL0050
003016078001,CELL0050
003016078002,CELL0050
003016077027,CELL0050
003016078020,CELL0050
003016078003,CELL0050
003016078004,CELL0050
003016078021,CELL0050
003016077030,CELL0050
003016078005,CELL0050
003016078006,CELL0050
003016099015,CELL0080
003016099016,CELL0080
003016099023,CELL0080
003016099024,CELL0080
003016100001,CELL0080
003016100002,CELL0080
003016099017,CELL0080
003016099018,CELL0080
003016099025,CELL0080
003016099026,CELL0080
003016100003,CELL0080
003016100004,CELL0080
003016099019,CELL0080
003016099020,CELL0080
003016099027,CELL0080
003016099028,CELL0080
003016100005,CELL0080
003016100006,CELL0080
003016099021,CELL0080
003016099022,CELL0080
003016099029,CELL0080
003016099030,CELL0080
003016100007,CELL0080
003016100008,CELL0080
003016095008,CELL0080
003016095009,CELL0080
003016095016,CELL0080
003016095017,CELL0080
003016095010,CELL0080
003016095011,CELL0080
003016095018,CELL0080
003016095019,CELL0080
003016095012,CELL0080
003016095013,CELL0080
003016095020,CELL0080
003016095021,CELL0080
003016095014,CELL0080
003016095015,CELL0080
003016095022,CELL0080
003016095023,CELL0080
003016095024,CELL0080
003016095025,CELL0080
003016096002,CELL0080
003016096003,CELL0080
003016095026,CELL0080
003016095027,CELL0080
003016096004,CELL0080
003016096005,CELL0080
003016095028,CELL0080
003016095029,CELL0080
003016096006,CELL0080
003016096007,CELL0080
003016095030,CELL0080
003016096001,CELL0080
003016096008,CELL0080
003016103012,CELL0080
003016103013,CELL0080
003016103020,CELL0080
003016103021,CELL0080
003016103014,CELL0080
003016103015,CELL0080
003016103022,CELL0080
003016103023,CELL0080
003016103016,CELL0080
003016103017,CELL0080
003016103024,CELL0080
003016103025,CELL0080
003016103018,CELL0080
003016103019,CELL0080
003016103026,CELL0080
003016103027,CELL0080
003016037018,CELL0030
003016037019,CELL0030
003016037026,CELL0030
003016037027,CELL0030
003016038004,CELL0030
003016038005,CELL0030
003016037020,CELL0030
003016037021,CELL0030
003016037028,CELL0030
003016037029,CELL0030
003016038006,CELL0030
003016038007,CELL0030
003016037022,CELL0030
003016037023,CELL0030
003016037030,CELL0030
003016038001,CELL0030
003016038008,CELL0030
003016038009,CELL0030
003016037024,CELL0030
003016037025,CELL0030
003016038002,CELL0030
003016038003,CELL0030
003016038010,CELL0030
003016038011,CELL0030
003016092026,CELL0080
003016092027,CELL0080
003016092028,CELL0080
003016092029,CELL0080
003016092030,CELL0080
003016093001,CELL0080
003016062014,CELL0020
003016062015,CELL0020
003016062020,CELL0020
003016062021,CELL0020
003016062016,CELL0020
003016062017,CELL0020
003016062022,CELL0020
003016062023,CELL0020
003016062018,CELL0020
003016062019,CELL0020
003016062024,CELL0020
003016062025,CELL0020
